day_of_week_number,day_name,orders_count,total_revenue,avg_order_value
0.0,Sunday   ,135,704901.39,5221.491777777778
1.0,Monday   ,148,790820.95,5343.384797297297
2.0,Tuesday  ,145,843129.9,5814.688965517242
3.0,Wednesday,139,723968.55,5208.406834532374
4.0,Thursday ,124,634756.74,5119.005967741936
5.0,Friday   ,145,756144.96,5214.792827586207
6.0,Saturday ,164,756341.06,4611.835731707317
